label,mol_idx,smiles,conf_idx,MMFF_energy,MMFF_max_force,UFF_energy,UFF_max_force
baseline,0,CC(C)CC(NC(C1[N+]CCC1)=O)C([O-])=O,0,167.2631,144.0641,24.9636,40.0653
baseline,0,CC(C)CC(NC(C1[N+]CCC1)=O)C([O-])=O,1,183.5097,174.4762,43.3159,86.1082
baseline,0,CC(C)CC(NC(C1[N+]CCC1)=O)C([O-])=O,2,171.8067,144.1097,31.9554,64.0913
baseline,0,CC(C)CC(NC(C1[N+]CCC1)=O)C([O-])=O,3,197.2782,145.4882,40.7026,93.8470
baseline,0,CC(C)CC(NC(C1[N+]CCC1)=O)C([O-])=O,4,175.6073,145.4703,40.2202,128.6974
baseline,0,CC(C)CC(NC(C1[N+]CCC1)=O)C([O-])=O,5,196.4546,197.3635,66.5217,146.2593
baseline,0,CC(C)CC(NC(C1[N+]CCC1)=O)C([O-])=O,6,181.6089,167.0448,29.0239,66.3221
baseline,0,CC(C)CC(NC(C1[N+]CCC1)=O)C([O-])=O,7,219.8534,269.6270,108.0381,285.9887
baseline,0,CC(C)CC(NC(C1[N+]CCC1)=O)C([O-])=O,8,204.5221,158.7745,76.8967,134.7421
baseline,0,CC(C)CC(NC(C1[N+]CCC1)=O)C([O-])=O,9,204.4316,145.0931,121.4780,342.3734
baseline,0,CC(C)CC(NC(C1[N+]CCC1)=O)C([O-])=O,10,182.0351,153.6462,46.2682,123.3032
baseline,0,CC(C)CC(NC(C1[N+]CCC1)=O)C([O-])=O,11,175.0339,179.2906,32.2643,91.8402
baseline,0,CC(C)CC(NC(C1[N+]CCC1)=O)C([O-])=O,12,173.8069,157.2912,45.2406,108.1778
baseline,0,CC(C)CC(NC(C1[N+]CCC1)=O)C([O-])=O,13,183.1307,168.6451,43.6370,98.7905
baseline,0,CC(C)CC(NC(C1[N+]CCC1)=O)C([O-])=O,14,174.3389,141.9861,39.4524,81.0917
baseline,0,CC(C)CC(NC(C1[N+]CCC1)=O)C([O-])=O,15,198.5484,174.1655,71.5371,145.0079
baseline,0,CC(C)CC(NC(C1[N+]CCC1)=O)C([O-])=O,16,182.0632,139.2354,36.0484,65.0635
baseline,0,CC(C)CC(NC(C1[N+]CCC1)=O)C([O-])=O,17,194.2151,151.9554,64.4258,172.4500
baseline,0,CC(C)CC(NC(C1[N+]CCC1)=O)C([O-])=O,18,178.0565,148.9673,32.6097,57.0868
baseline,0,CC(C)CC(NC(C1[N+]CCC1)=O)C([O-])=O,19,190.8962,172.8653,41.7680,88.8451
baseline,0,CC(C)CC(NC(C1[N+]CCC1)=O)C([O-])=O,20,183.0504,144.0582,31.4312,53.9794
baseline,0,CC(C)CC(NC(C1[N+]CCC1)=O)C([O-])=O,21,186.0677,188.3590,64.8465,109.8209
baseline,0,CC(C)CC(NC(C1[N+]CCC1)=O)C([O-])=O,22,172.4550,131.9698,26.5616,68.4290
baseline,0,CC(C)CC(NC(C1[N+]CCC1)=O)C([O-])=O,23,185.9753,171.0754,31.0697,91.1021
baseline,0,CC(C)CC(NC(C1[N+]CCC1)=O)C([O-])=O,24,179.5758,149.3122,35.4988,51.3249
baseline,0,CC(C)CC(NC(C1[N+]CCC1)=O)C([O-])=O,25,187.5766,173.8149,46.0453,108.1132
baseline,0,CC(C)CC(NC(C1[N+]CCC1)=O)C([O-])=O,26,188.4630,143.4576,34.9437,48.1135
baseline,0,CC(C)CC(NC(C1[N+]CCC1)=O)C([O-])=O,27,172.2819,152.9705,33.9152,61.2544
baseline,0,CC(C)CC(NC(C1[N+]CCC1)=O)C([O-])=O,28,183.2421,144.4595,34.3906,54.3863
baseline,0,CC(C)CC(NC(C1[N+]CCC1)=O)C([O-])=O,29,181.0794,172.1500,47.0776,123.6248
baseline,0,CC(C)CC(NC(C1[N+]CCC1)=O)C([O-])=O,30,179.8011,164.6717,37.9079,92.4435
baseline,0,CC(C)CC(NC(C1[N+]CCC1)=O)C([O-])=O,31,199.5328,195.0899,61.0657,140.9238
baseline,0,CC(C)CC(NC(C1[N+]CCC1)=O)C([O-])=O,32,209.8196,171.2577,58.1948,136.9798
baseline,0,CC(C)CC(NC(C1[N+]CCC1)=O)C([O-])=O,33,176.9032,137.6797,43.4734,79.7493
baseline,0,CC(C)CC(NC(C1[N+]CCC1)=O)C([O-])=O,34,172.8410,135.0659,33.9575,84.9542
baseline,0,CC(C)CC(NC(C1[N+]CCC1)=O)C([O-])=O,35,199.5917,196.9501,88.5197,227.7389
baseline,0,CC(C)CC(NC(C1[N+]CCC1)=O)C([O-])=O,36,176.7870,170.0113,42.0126,149.6478
baseline,0,CC(C)CC(NC(C1[N+]CCC1)=O)C([O-])=O,37,194.2758,174.8658,54.7037,190.6533
baseline,0,CC(C)CC(NC(C1[N+]CCC1)=O)C([O-])=O,38,184.8104,162.7830,48.8160,134.4048
baseline,0,CC(C)CC(NC(C1[N+]CCC1)=O)C([O-])=O,39,190.3393,176.3397,52.7790,89.8761
baseline,0,CC(C)CC(NC(C1[N+]CCC1)=O)C([O-])=O,40,231.1106,189.7411,93.9792,201.9821
baseline,0,CC(C)CC(NC(C1[N+]CCC1)=O)C([O-])=O,41,196.9011,163.8314,52.6864,69.7861
baseline,0,CC(C)CC(NC(C1[N+]CCC1)=O)C([O-])=O,42,185.4551,120.8854,39.8615,64.8734
baseline,0,CC(C)CC(NC(C1[N+]CCC1)=O)C([O-])=O,43,179.6142,156.8086,40.5139,59.8221
baseline,0,CC(C)CC(NC(C1[N+]CCC1)=O)C([O-])=O,44,190.4949,199.6126,85.2828,252.1001
baseline,0,CC(C)CC(NC(C1[N+]CCC1)=O)C([O-])=O,45,176.7450,142.4325,36.7872,57.2398
baseline,0,CC(C)CC(NC(C1[N+]CCC1)=O)C([O-])=O,46,174.3285,162.1734,34.4574,91.3683
baseline,0,CC(C)CC(NC(C1[N+]CCC1)=O)C([O-])=O,47,197.3344,173.3889,59.3417,92.6239
baseline,0,CC(C)CC(NC(C1[N+]CCC1)=O)C([O-])=O,48,172.7182,172.2039,32.8221,68.6649
baseline,0,CC(C)CC(NC(C1[N+]CCC1)=O)C([O-])=O,49,188.4748,180.9013,67.4820,103.5266
baseline,0,CC(C)CC(NC(C1[N+]CCC1)=O)C([O-])=O,50,180.9157,164.2695,37.6660,85.1371
baseline,0,CC(C)CC(NC(C1[N+]CCC1)=O)C([O-])=O,51,191.8379,160.8335,38.9649,76.4555
baseline,0,CC(C)CC(NC(C1[N+]CCC1)=O)C([O-])=O,52,199.4315,193.5167,51.7191,141.9317
baseline,0,CC(C)CC(NC(C1[N+]CCC1)=O)C([O-])=O,53,186.2079,188.8853,45.6110,137.9923
baseline,0,CC(C)CC(NC(C1[N+]CCC1)=O)C([O-])=O,54,184.3525,143.0018,42.5115,76.1837
baseline,0,CC(C)CC(NC(C1[N+]CCC1)=O)C([O-])=O,55,200.6498,126.2082,78.9067,206.7487
baseline,0,CC(C)CC(NC(C1[N+]CCC1)=O)C([O-])=O,56,209.0925,187.2158,48.3318,106.9683
baseline,0,CC(C)CC(NC(C1[N+]CCC1)=O)C([O-])=O,57,197.7163,200.4489,55.7395,154.3192
baseline,0,CC(C)CC(NC(C1[N+]CCC1)=O)C([O-])=O,58,193.7641,153.6054,72.4651,178.7541
baseline,0,CC(C)CC(NC(C1[N+]CCC1)=O)C([O-])=O,59,187.7728,155.7804,46.2709,64.9299
baseline,0,CC(C)CC(NC(C1[N+]CCC1)=O)C([O-])=O,60,180.0148,155.0339,38.5856,50.7726
baseline,0,CC(C)CC(NC(C1[N+]CCC1)=O)C([O-])=O,61,176.2881,145.4199,30.5738,53.4978
baseline,0,CC(C)CC(NC(C1[N+]CCC1)=O)C([O-])=O,62,177.0229,131.7560,35.6064,66.9225
baseline,0,CC(C)CC(NC(C1[N+]CCC1)=O)C([O-])=O,63,195.2041,152.7938,36.9360,108.8010
baseline,0,CC(C)CC(NC(C1[N+]CCC1)=O)C([O-])=O,64,182.9600,150.1351,47.0994,87.6260
baseline,0,CC(C)CC(NC(C1[N+]CCC1)=O)C([O-])=O,65,179.2597,156.1955,35.2363,64.6247
baseline,0,CC(C)CC(NC(C1[N+]CCC1)=O)C([O-])=O,66,179.6254,148.5378,42.6480,70.8322
baseline,0,CC(C)CC(NC(C1[N+]CCC1)=O)C([O-])=O,67,190.0450,156.6070,46.0156,122.4469
baseline,0,CC(C)CC(NC(C1[N+]CCC1)=O)C([O-])=O,68,192.7407,141.4166,50.2440,76.6771
baseline,0,CC(C)CC(NC(C1[N+]CCC1)=O)C([O-])=O,69,171.0463,147.6329,29.6856,70.6248
baseline,0,CC(C)CC(NC(C1[N+]CCC1)=O)C([O-])=O,70,204.8593,166.9097,44.7187,74.6985
baseline,0,CC(C)CC(NC(C1[N+]CCC1)=O)C([O-])=O,71,195.5279,209.6214,75.6235,159.8421
baseline,0,CC(C)CC(NC(C1[N+]CCC1)=O)C([O-])=O,72,184.4199,118.6153,44.7340,153.7808
baseline,0,CC(C)CC(NC(C1[N+]CCC1)=O)C([O-])=O,73,194.4765,195.4810,52.8650,139.0612
baseline,0,CC(C)CC(NC(C1[N+]CCC1)=O)C([O-])=O,74,220.8289,161.8282,84.0632,219.4794
baseline,0,CC(C)CC(NC(C1[N+]CCC1)=O)C([O-])=O,75,197.2662,188.7900,74.2960,131.6610
baseline,0,CC(C)CC(NC(C1[N+]CCC1)=O)C([O-])=O,76,178.5191,160.4319,41.0785,103.3531
baseline,0,CC(C)CC(NC(C1[N+]CCC1)=O)C([O-])=O,77,188.2257,156.6852,44.5400,98.2006
baseline,0,CC(C)CC(NC(C1[N+]CCC1)=O)C([O-])=O,78,212.1366,222.1941,91.6700,269.9550
baseline,0,CC(C)CC(NC(C1[N+]CCC1)=O)C([O-])=O,79,210.3509,181.7783,59.1725,142.5085
baseline,0,CC(C)CC(NC(C1[N+]CCC1)=O)C([O-])=O,80,185.0604,172.2269,49.6762,101.4302
baseline,0,CC(C)CC(NC(C1[N+]CCC1)=O)C([O-])=O,81,181.7226,165.3060,38.7276,91.5804
baseline,0,CC(C)CC(NC(C1[N+]CCC1)=O)C([O-])=O,82,184.1094,148.2067,58.9624,129.8694
baseline,0,CC(C)CC(NC(C1[N+]CCC1)=O)C([O-])=O,83,205.2248,178.7973,68.5594,109.0910
baseline,0,CC(C)CC(NC(C1[N+]CCC1)=O)C([O-])=O,84,181.5648,157.0912,35.9840,92.6704
baseline,0,CC(C)CC(NC(C1[N+]CCC1)=O)C([O-])=O,85,205.0476,265.3515,63.2913,308.7695
baseline,0,CC(C)CC(NC(C1[N+]CCC1)=O)C([O-])=O,86,193.9001,144.1075,36.0960,51.8184
baseline,0,CC(C)CC(NC(C1[N+]CCC1)=O)C([O-])=O,87,185.1641,144.1147,54.0850,109.0103
baseline,0,CC(C)CC(NC(C1[N+]CCC1)=O)C([O-])=O,88,188.2262,167.4696,71.3128,153.2598
baseline,0,CC(C)CC(NC(C1[N+]CCC1)=O)C([O-])=O,89,193.5596,155.6792,37.0191,102.9565
baseline,0,CC(C)CC(NC(C1[N+]CCC1)=O)C([O-])=O,90,175.8493,126.7360,33.9941,95.5585
baseline,0,CC(C)CC(NC(C1[N+]CCC1)=O)C([O-])=O,91,195.4334,132.6274,76.2186,218.5550
baseline,0,CC(C)CC(NC(C1[N+]CCC1)=O)C([O-])=O,92,184.4692,153.9163,29.4764,61.7730
baseline,0,CC(C)CC(NC(C1[N+]CCC1)=O)C([O-])=O,93,270.6229,885.8552,132.1554,433.0907
baseline,0,CC(C)CC(NC(C1[N+]CCC1)=O)C([O-])=O,94,204.3016,204.0267,73.6896,165.8855
baseline,0,CC(C)CC(NC(C1[N+]CCC1)=O)C([O-])=O,95,190.5041,168.0370,64.0712,99.0308
baseline,0,CC(C)CC(NC(C1[N+]CCC1)=O)C([O-])=O,96,184.2092,201.5101,45.4694,135.0096
baseline,0,CC(C)CC(NC(C1[N+]CCC1)=O)C([O-])=O,97,195.3194,148.3927,47.6368,90.6594
baseline,0,CC(C)CC(NC(C1[N+]CCC1)=O)C([O-])=O,98,197.3947,146.4697,40.1280,91.7785
baseline,0,CC(C)CC(NC(C1[N+]CCC1)=O)C([O-])=O,99,225.8287,178.3287,97.9656,265.4731
baseline,1,CC(NC(CO)C(O)c1ccc([N+]([O-])=O)cc1)=O,0,49.3628,132.6542,40.2119,62.4036
baseline,1,CC(NC(CO)C(O)c1ccc([N+]([O-])=O)cc1)=O,1,55.0948,118.5084,68.4894,84.5013
baseline,1,CC(NC(CO)C(O)c1ccc([N+]([O-])=O)cc1)=O,2,45.0780,157.2337,31.0610,77.3469
baseline,1,CC(NC(CO)C(O)c1ccc([N+]([O-])=O)cc1)=O,3,49.5175,135.4811,40.8619,73.8281
baseline,1,CC(NC(CO)C(O)c1ccc([N+]([O-])=O)cc1)=O,4,48.0104,136.9422,42.5866,71.1645
baseline,1,CC(NC(CO)C(O)c1ccc([N+]([O-])=O)cc1)=O,5,54.9754,163.0115,46.8371,79.9203
baseline,1,CC(NC(CO)C(O)c1ccc([N+]([O-])=O)cc1)=O,6,67.1598,140.8832,65.9226,129.7971
baseline,1,CC(NC(CO)C(O)c1ccc([N+]([O-])=O)cc1)=O,7,42.4935,115.6597,31.2304,63.8420
baseline,1,CC(NC(CO)C(O)c1ccc([N+]([O-])=O)cc1)=O,8,41.6962,160.3637,33.5331,58.6628
baseline,1,CC(NC(CO)C(O)c1ccc([N+]([O-])=O)cc1)=O,9,51.9461,131.9819,45.4012,88.4079
baseline,1,CC(NC(CO)C(O)c1ccc([N+]([O-])=O)cc1)=O,10,50.9323,130.7651,49.5047,76.7390
baseline,1,CC(NC(CO)C(O)c1ccc([N+]([O-])=O)cc1)=O,11,51.3153,176.7755,45.0785,98.8339
baseline,1,CC(NC(CO)C(O)c1ccc([N+]([O-])=O)cc1)=O,12,51.0458,135.6126,34.9692,59.1341
baseline,1,CC(NC(CO)C(O)c1ccc([N+]([O-])=O)cc1)=O,13,53.5623,132.6831,49.4660,79.8563
baseline,1,CC(NC(CO)C(O)c1ccc([N+]([O-])=O)cc1)=O,14,56.3198,163.3264,50.5275,63.9621
baseline,1,CC(NC(CO)C(O)c1ccc([N+]([O-])=O)cc1)=O,15,45.6175,135.3231,34.1557,48.7549
baseline,1,CC(NC(CO)C(O)c1ccc([N+]([O-])=O)cc1)=O,16,53.1454,165.1311,40.5019,56.8745
baseline,1,CC(NC(CO)C(O)c1ccc([N+]([O-])=O)cc1)=O,17,48.1448,117.6000,40.8756,95.5376
baseline,1,CC(NC(CO)C(O)c1ccc([N+]([O-])=O)cc1)=O,18,47.4928,158.9961,37.5543,94.4231
baseline,1,CC(NC(CO)C(O)c1ccc([N+]([O-])=O)cc1)=O,19,51.3463,120.7152,43.1042,83.2250
baseline,1,CC(NC(CO)C(O)c1ccc([N+]([O-])=O)cc1)=O,20,49.4304,157.5506,39.7098,80.4559
baseline,1,CC(NC(CO)C(O)c1ccc([N+]([O-])=O)cc1)=O,21,42.5303,141.1711,35.1513,53.7966
baseline,1,CC(NC(CO)C(O)c1ccc([N+]([O-])=O)cc1)=O,22,56.3313,175.9417,44.6355,76.1961
baseline,1,CC(NC(CO)C(O)c1ccc([N+]([O-])=O)cc1)=O,23,57.1883,149.3662,63.5340,94.4759
baseline,1,CC(NC(CO)C(O)c1ccc([N+]([O-])=O)cc1)=O,24,35.7776,117.7165,27.8849,44.3992
baseline,1,CC(NC(CO)C(O)c1ccc([N+]([O-])=O)cc1)=O,25,48.1281,130.1860,38.5251,58.2647
baseline,1,CC(NC(CO)C(O)c1ccc([N+]([O-])=O)cc1)=O,26,42.9067,137.7148,40.3605,69.5224
baseline,1,CC(NC(CO)C(O)c1ccc([N+]([O-])=O)cc1)=O,27,58.9578,147.9313,50.7554,84.8897
baseline,1,CC(NC(CO)C(O)c1ccc([N+]([O-])=O)cc1)=O,28,42.4423,128.5145,26.4598,55.4424
baseline,1,CC(NC(CO)C(O)c1ccc([N+]([O-])=O)cc1)=O,29,59.4005,158.3344,49.7602,84.6750
baseline,1,CC(NC(CO)C(O)c1ccc([N+]([O-])=O)cc1)=O,30,45.9413,134.6345,29.9255,66.6558
baseline,1,CC(NC(CO)C(O)c1ccc([N+]([O-])=O)cc1)=O,31,47.7903,122.5424,46.7164,100.2939
baseline,1,CC(NC(CO)C(O)c1ccc([N+]([O-])=O)cc1)=O,32,52.2403,174.0429,37.3922,87.7927
baseline,1,CC(NC(CO)C(O)c1ccc([N+]([O-])=O)cc1)=O,33,64.3047,128.2123,77.4092,201.2881
baseline,1,CC(NC(CO)C(O)c1ccc([N+]([O-])=O)cc1)=O,34,46.3554,133.2587,40.7563,93.5580
baseline,1,CC(NC(CO)C(O)c1ccc([N+]([O-])=O)cc1)=O,35,63.2583,125.4799,75.4781,127.5415
baseline,1,CC(NC(CO)C(O)c1ccc([N+]([O-])=O)cc1)=O,36,53.3894,164.4016,43.8211,93.4114
baseline,1,CC(NC(CO)C(O)c1ccc([N+]([O-])=O)cc1)=O,37,50.4434,123.1959,58.1873,108.7335
baseline,1,CC(NC(CO)C(O)c1ccc([N+]([O-])=O)cc1)=O,38,48.6560,125.0271,39.5581,76.5475
baseline,1,CC(NC(CO)C(O)c1ccc([N+]([O-])=O)cc1)=O,39,40.4731,128.5127,33.2710,63.4678
baseline,1,CC(NC(CO)C(O)c1ccc([N+]([O-])=O)cc1)=O,40,51.5018,145.2829,44.9595,114.9234
baseline,1,CC(NC(CO)C(O)c1ccc([N+]([O-])=O)cc1)=O,41,57.7877,156.8298,51.9015,66.2597
baseline,1,CC(NC(CO)C(O)c1ccc([N+]([O-])=O)cc1)=O,42,60.2800,148.9325,63.7437,100.4320
baseline,1,CC(NC(CO)C(O)c1ccc([N+]([O-])=O)cc1)=O,43,60.7208,146.6824,88.2841,272.2546
baseline,1,CC(NC(CO)C(O)c1ccc([N+]([O-])=O)cc1)=O,44,52.9352,140.5544,52.6745,69.5242
baseline,1,CC(NC(CO)C(O)c1ccc([N+]([O-])=O)cc1)=O,45,55.3060,121.7931,50.9063,52.2050
baseline,1,CC(NC(CO)C(O)c1ccc([N+]([O-])=O)cc1)=O,46,58.4847,166.2564,44.5969,84.8082
baseline,1,CC(NC(CO)C(O)c1ccc([N+]([O-])=O)cc1)=O,47,53.0623,128.8593,53.9234,72.4066
baseline,1,CC(NC(CO)C(O)c1ccc([N+]([O-])=O)cc1)=O,48,67.4123,147.7489,100.5162,294.1375
baseline,1,CC(NC(CO)C(O)c1ccc([N+]([O-])=O)cc1)=O,49,47.9393,151.6903,49.7199,102.4354
baseline,1,CC(NC(CO)C(O)c1ccc([N+]([O-])=O)cc1)=O,50,56.1586,139.3446,56.3858,79.3878
baseline,1,CC(NC(CO)C(O)c1ccc([N+]([O-])=O)cc1)=O,51,50.2113,142.4255,39.8096,60.4651
baseline,1,CC(NC(CO)C(O)c1ccc([N+]([O-])=O)cc1)=O,52,42.8323,137.8443,37.4160,85.0926
baseline,1,CC(NC(CO)C(O)c1ccc([N+]([O-])=O)cc1)=O,53,40.3845,128.8193,42.4547,80.3490
baseline,1,CC(NC(CO)C(O)c1ccc([N+]([O-])=O)cc1)=O,54,56.7654,136.0181,65.8431,135.8848
baseline,1,CC(NC(CO)C(O)c1ccc([N+]([O-])=O)cc1)=O,55,49.1020,132.2141,43.2166,84.7378
baseline,1,CC(NC(CO)C(O)c1ccc([N+]([O-])=O)cc1)=O,56,52.9502,159.8973,52.0142,96.5611
baseline,1,CC(NC(CO)C(O)c1ccc([N+]([O-])=O)cc1)=O,57,47.4237,152.1258,32.9253,105.4368
baseline,1,CC(NC(CO)C(O)c1ccc([N+]([O-])=O)cc1)=O,58,56.9361,146.4736,52.1526,82.7431
baseline,1,CC(NC(CO)C(O)c1ccc([N+]([O-])=O)cc1)=O,59,50.7235,135.6504,37.1064,67.0718
baseline,1,CC(NC(CO)C(O)c1ccc([N+]([O-])=O)cc1)=O,60,45.0233,147.4370,32.2229,79.3102
baseline,1,CC(NC(CO)C(O)c1ccc([N+]([O-])=O)cc1)=O,61,48.2254,148.3239,35.1121,82.1873
baseline,1,CC(NC(CO)C(O)c1ccc([N+]([O-])=O)cc1)=O,62,50.4204,165.7228,45.1586,98.7379
baseline,1,CC(NC(CO)C(O)c1ccc([N+]([O-])=O)cc1)=O,63,42.3884,133.0448,32.6912,62.1557
baseline,1,CC(NC(CO)C(O)c1ccc([N+]([O-])=O)cc1)=O,64,53.9912,122.9277,55.3002,82.8275
baseline,1,CC(NC(CO)C(O)c1ccc([N+]([O-])=O)cc1)=O,65,72.5615,157.0763,66.9829,120.0034
baseline,1,CC(NC(CO)C(O)c1ccc([N+]([O-])=O)cc1)=O,66,45.8912,145.4452,40.5569,73.5973
baseline,1,CC(NC(CO)C(O)c1ccc([N+]([O-])=O)cc1)=O,67,42.1103,123.5176,29.0323,53.7105
baseline,1,CC(NC(CO)C(O)c1ccc([N+]([O-])=O)cc1)=O,68,63.1110,158.1465,77.7808,219.6707
baseline,1,CC(NC(CO)C(O)c1ccc([N+]([O-])=O)cc1)=O,69,47.4696,135.7869,41.4262,74.8325
baseline,1,CC(NC(CO)C(O)c1ccc([N+]([O-])=O)cc1)=O,70,45.2087,118.4454,32.8502,57.7288
baseline,1,CC(NC(CO)C(O)c1ccc([N+]([O-])=O)cc1)=O,71,46.4710,172.6630,30.8111,86.7577
baseline,1,CC(NC(CO)C(O)c1ccc([N+]([O-])=O)cc1)=O,72,48.5957,129.0427,35.0213,70.3604
baseline,1,CC(NC(CO)C(O)c1ccc([N+]([O-])=O)cc1)=O,73,53.4010,147.3531,42.0886,128.4426
baseline,1,CC(NC(CO)C(O)c1ccc([N+]([O-])=O)cc1)=O,74,47.7491,128.5625,50.5350,72.0840
baseline,1,CC(NC(CO)C(O)c1ccc([N+]([O-])=O)cc1)=O,75,55.1534,126.6515,74.6019,245.8752
baseline,1,CC(NC(CO)C(O)c1ccc([N+]([O-])=O)cc1)=O,76,67.6779,149.8889,74.2305,103.2894
baseline,1,CC(NC(CO)C(O)c1ccc([N+]([O-])=O)cc1)=O,77,53.7328,143.6329,66.1632,176.4373
baseline,1,CC(NC(CO)C(O)c1ccc([N+]([O-])=O)cc1)=O,78,47.4844,128.2625,36.8192,57.7274
baseline,1,CC(NC(CO)C(O)c1ccc([N+]([O-])=O)cc1)=O,79,58.5614,145.3437,76.3080,210.0408
baseline,1,CC(NC(CO)C(O)c1ccc([N+]([O-])=O)cc1)=O,80,48.3158,161.3694,36.7210,69.9622
baseline,1,CC(NC(CO)C(O)c1ccc([N+]([O-])=O)cc1)=O,81,43.3367,145.8369,39.0571,72.8872
baseline,1,CC(NC(CO)C(O)c1ccc([N+]([O-])=O)cc1)=O,82,59.2987,159.4260,54.7612,86.9887
baseline,1,CC(NC(CO)C(O)c1ccc([N+]([O-])=O)cc1)=O,83,45.7510,139.4920,33.3973,42.8293
baseline,1,CC(NC(CO)C(O)c1ccc([N+]([O-])=O)cc1)=O,84,53.4428,141.8701,45.6875,86.9045
baseline,1,CC(NC(CO)C(O)c1ccc([N+]([O-])=O)cc1)=O,85,55.2863,140.4059,58.2916,116.8595
baseline,1,CC(NC(CO)C(O)c1ccc([N+]([O-])=O)cc1)=O,86,50.3083,147.0713,38.3679,75.6921
baseline,1,CC(NC(CO)C(O)c1ccc([N+]([O-])=O)cc1)=O,87,45.7033,129.2252,36.3402,92.6877
baseline,1,CC(NC(CO)C(O)c1ccc([N+]([O-])=O)cc1)=O,88,54.0879,142.0932,49.1269,65.5330
baseline,1,CC(NC(CO)C(O)c1ccc([N+]([O-])=O)cc1)=O,89,56.7261,144.4091,54.2712,89.1386
baseline,1,CC(NC(CO)C(O)c1ccc([N+]([O-])=O)cc1)=O,90,53.9227,141.2500,53.2684,75.6111
baseline,1,CC(NC(CO)C(O)c1ccc([N+]([O-])=O)cc1)=O,91,52.4159,169.7516,46.8466,100.1388
baseline,1,CC(NC(CO)C(O)c1ccc([N+]([O-])=O)cc1)=O,92,47.7623,124.5831,37.5895,71.5983
baseline,1,CC(NC(CO)C(O)c1ccc([N+]([O-])=O)cc1)=O,93,48.1847,119.0893,51.4113,89.1403
baseline,1,CC(NC(CO)C(O)c1ccc([N+]([O-])=O)cc1)=O,94,56.6737,127.1030,51.6870,129.2369
baseline,1,CC(NC(CO)C(O)c1ccc([N+]([O-])=O)cc1)=O,95,59.3323,158.3575,49.3964,117.2432
baseline,1,CC(NC(CO)C(O)c1ccc([N+]([O-])=O)cc1)=O,96,55.0564,149.7854,42.9243,106.6593
baseline,1,CC(NC(CO)C(O)c1ccc([N+]([O-])=O)cc1)=O,97,54.8750,154.7102,44.0115,84.7986
baseline,1,CC(NC(CO)C(O)c1ccc([N+]([O-])=O)cc1)=O,98,61.6500,128.0489,68.6364,93.5059
baseline,1,CC(NC(CO)C(O)c1ccc([N+]([O-])=O)cc1)=O,99,59.5810,120.9177,53.2972,88.7211
baseline,2,CC([N+])C(NC(C)C(N1C(C=O)CCC1)=O)=O,0,70.1577,104.1618,39.4712,104.1822
baseline,2,CC([N+])C(NC(C)C(N1C(C=O)CCC1)=O)=O,1,104.7716,140.5663,106.5110,228.0894
baseline,2,CC([N+])C(NC(C)C(N1C(C=O)CCC1)=O)=O,2,90.3947,135.8895,71.3458,90.0026
baseline,2,CC([N+])C(NC(C)C(N1C(C=O)CCC1)=O)=O,3,77.6652,91.9881,64.2792,125.3844
baseline,2,CC([N+])C(NC(C)C(N1C(C=O)CCC1)=O)=O,4,67.5858,80.7637,42.7992,78.0162
baseline,2,CC([N+])C(NC(C)C(N1C(C=O)CCC1)=O)=O,5,71.9146,100.5185,47.0882,74.9109
baseline,2,CC([N+])C(NC(C)C(N1C(C=O)CCC1)=O)=O,6,66.3702,100.3509,34.4412,75.1199
baseline,2,CC([N+])C(NC(C)C(N1C(C=O)CCC1)=O)=O,7,77.2008,118.8778,65.8828,116.9322
baseline,2,CC([N+])C(NC(C)C(N1C(C=O)CCC1)=O)=O,8,92.0583,104.0427,70.8201,121.6629
baseline,2,CC([N+])C(NC(C)C(N1C(C=O)CCC1)=O)=O,9,78.5658,68.3731,51.4289,88.3614
baseline,2,CC([N+])C(NC(C)C(N1C(C=O)CCC1)=O)=O,10,67.3438,102.7834,35.7785,85.2741
baseline,2,CC([N+])C(NC(C)C(N1C(C=O)CCC1)=O)=O,11,70.1730,109.7959,46.5241,94.9219
baseline,2,CC([N+])C(NC(C)C(N1C(C=O)CCC1)=O)=O,12,85.0158,75.2318,69.0550,121.9439
baseline,2,CC([N+])C(NC(C)C(N1C(C=O)CCC1)=O)=O,13,74.6499,95.0703,44.0964,78.2179
baseline,2,CC([N+])C(NC(C)C(N1C(C=O)CCC1)=O)=O,14,68.9896,125.3360,39.9538,108.0316
baseline,2,CC([N+])C(NC(C)C(N1C(C=O)CCC1)=O)=O,15,87.5726,104.1899,97.2625,312.5246
baseline,2,CC([N+])C(NC(C)C(N1C(C=O)CCC1)=O)=O,16,70.8370,97.0933,47.2479,80.5956
baseline,2,CC([N+])C(NC(C)C(N1C(C=O)CCC1)=O)=O,17,85.7888,85.6950,51.1875,97.2522
baseline,2,CC([N+])C(NC(C)C(N1C(C=O)CCC1)=O)=O,18,74.0217,79.7871,53.3790,75.9069
baseline,2,CC([N+])C(NC(C)C(N1C(C=O)CCC1)=O)=O,19,103.8866,162.8011,120.6024,269.9280
baseline,2,CC([N+])C(NC(C)C(N1C(C=O)CCC1)=O)=O,20,89.8726,82.1819,60.7291,91.2810
baseline,2,CC([N+])C(NC(C)C(N1C(C=O)CCC1)=O)=O,21,72.2167,87.9376,54.2494,78.3875
baseline,2,CC([N+])C(NC(C)C(N1C(C=O)CCC1)=O)=O,22,99.9145,98.2613,116.0834,289.0131
baseline,2,CC([N+])C(NC(C)C(N1C(C=O)CCC1)=O)=O,23,89.0473,120.6449,66.7714,159.2771
baseline,2,CC([N+])C(NC(C)C(N1C(C=O)CCC1)=O)=O,24,76.8638,102.4581,50.6581,69.3490
baseline,2,CC([N+])C(NC(C)C(N1C(C=O)CCC1)=O)=O,25,84.8885,124.7171,66.7193,116.6588
baseline,2,CC([N+])C(NC(C)C(N1C(C=O)CCC1)=O)=O,26,70.9952,78.5722,52.5991,104.2352
baseline,2,CC([N+])C(NC(C)C(N1C(C=O)CCC1)=O)=O,27,87.2939,117.0540,73.4185,125.3967
baseline,2,CC([N+])C(NC(C)C(N1C(C=O)CCC1)=O)=O,28,105.4687,174.5070,98.7355,162.6181
baseline,2,CC([N+])C(NC(C)C(N1C(C=O)CCC1)=O)=O,29,88.4673,107.6219,62.2533,130.8290
baseline,2,CC([N+])C(NC(C)C(N1C(C=O)CCC1)=O)=O,30,98.0592,119.1810,86.0696,175.7887
baseline,2,CC([N+])C(NC(C)C(N1C(C=O)CCC1)=O)=O,31,78.5809,61.6643,71.5409,141.8813
baseline,2,CC([N+])C(NC(C)C(N1C(C=O)CCC1)=O)=O,32,79.0591,116.3613,48.2940,110.4106
baseline,2,CC([N+])C(NC(C)C(N1C(C=O)CCC1)=O)=O,33,99.8832,127.9474,104.2603,188.9565
baseline,2,CC([N+])C(NC(C)C(N1C(C=O)CCC1)=O)=O,34,97.6016,94.7383,89.1517,142.6734
baseline,2,CC([N+])C(NC(C)C(N1C(C=O)CCC1)=O)=O,35,62.5249,102.7333,36.8768,113.6539
baseline,2,CC([N+])C(NC(C)C(N1C(C=O)CCC1)=O)=O,36,73.9043,101.3089,60.6648,126.7717
baseline,2,CC([N+])C(NC(C)C(N1C(C=O)CCC1)=O)=O,37,75.3189,82.8636,44.6832,99.2921
baseline,2,CC([N+])C(NC(C)C(N1C(C=O)CCC1)=O)=O,38,75.8919,113.3876,48.9518,108.5890
baseline,2,CC([N+])C(NC(C)C(N1C(C=O)CCC1)=O)=O,39,94.6430,94.5718,89.6186,183.1583
baseline,2,CC([N+])C(NC(C)C(N1C(C=O)CCC1)=O)=O,40,70.5124,97.7493,39.3385,90.4513
baseline,2,CC([N+])C(NC(C)C(N1C(C=O)CCC1)=O)=O,41,115.3345,88.2706,92.1801,102.3623
baseline,2,CC([N+])C(NC(C)C(N1C(C=O)CCC1)=O)=O,42,71.8654,88.5262,43.7040,67.5972
baseline,2,CC([N+])C(NC(C)C(N1C(C=O)CCC1)=O)=O,43,73.8769,103.0166,44.6759,93.8100
baseline,2,CC([N+])C(NC(C)C(N1C(C=O)CCC1)=O)=O,44,84.5487,60.8744,78.1699,131.7018
baseline,2,CC([N+])C(NC(C)C(N1C(C=O)CCC1)=O)=O,45,78.7732,79.7747,51.1734,112.2000
baseline,2,CC([N+])C(NC(C)C(N1C(C=O)CCC1)=O)=O,46,71.4251,127.5449,50.6692,117.9834
baseline,2,CC([N+])C(NC(C)C(N1C(C=O)CCC1)=O)=O,47,87.1273,144.2894,83.0006,136.4083
baseline,2,CC([N+])C(NC(C)C(N1C(C=O)CCC1)=O)=O,48,70.6818,102.7548,51.0748,85.0500
baseline,2,CC([N+])C(NC(C)C(N1C(C=O)CCC1)=O)=O,49,91.3429,103.0349,59.8959,87.1000
baseline,2,CC([N+])C(NC(C)C(N1C(C=O)CCC1)=O)=O,50,83.2896,94.7570,66.7963,89.1626
baseline,2,CC([N+])C(NC(C)C(N1C(C=O)CCC1)=O)=O,51,72.2559,67.6799,45.0642,73.4090
baseline,2,CC([N+])C(NC(C)C(N1C(C=O)CCC1)=O)=O,52,74.6779,112.2426,52.9505,111.4624
baseline,2,CC([N+])C(NC(C)C(N1C(C=O)CCC1)=O)=O,53,93.3325,126.8153,79.0549,121.8233
baseline,2,CC([N+])C(NC(C)C(N1C(C=O)CCC1)=O)=O,54,97.6356,75.0680,87.1270,179.6761
baseline,2,CC([N+])C(NC(C)C(N1C(C=O)CCC1)=O)=O,55,86.1242,136.9851,86.3757,225.9131
baseline,2,CC([N+])C(NC(C)C(N1C(C=O)CCC1)=O)=O,56,87.1016,148.9578,62.6054,158.2500
baseline,2,CC([N+])C(NC(C)C(N1C(C=O)CCC1)=O)=O,57,68.5795,75.5127,37.2756,74.7129
baseline,2,CC([N+])C(NC(C)C(N1C(C=O)CCC1)=O)=O,58,71.2373,67.3447,43.4452,86.1886
baseline,2,CC([N+])C(NC(C)C(N1C(C=O)CCC1)=O)=O,59,92.3387,120.7732,65.1206,98.0119
baseline,2,CC([N+])C(NC(C)C(N1C(C=O)CCC1)=O)=O,60,69.8761,104.3724,37.9475,75.7932
baseline,2,CC([N+])C(NC(C)C(N1C(C=O)CCC1)=O)=O,61,80.1901,118.6793,60.1223,102.0565
baseline,2,CC([N+])C(NC(C)C(N1C(C=O)CCC1)=O)=O,62,86.5887,125.8971,61.8651,108.3466
baseline,2,CC([N+])C(NC(C)C(N1C(C=O)CCC1)=O)=O,63,82.6602,61.5046,79.5219,129.9037
baseline,2,CC([N+])C(NC(C)C(N1C(C=O)CCC1)=O)=O,64,69.9211,86.4302,43.3710,62.7477
baseline,2,CC([N+])C(NC(C)C(N1C(C=O)CCC1)=O)=O,65,82.0412,113.7870,74.3852,163.5656
baseline,2,CC([N+])C(NC(C)C(N1C(C=O)CCC1)=O)=O,66,82.5636,103.1640,54.6066,74.1638
baseline,2,CC([N+])C(NC(C)C(N1C(C=O)CCC1)=O)=O,67,143.0650,171.7227,233.1604,674.0756
baseline,2,CC([N+])C(NC(C)C(N1C(C=O)CCC1)=O)=O,68,85.5533,113.2367,75.9073,97.8446
baseline,2,CC([N+])C(NC(C)C(N1C(C=O)CCC1)=O)=O,69,82.1718,76.9458,57.0482,105.9073
baseline,2,CC([N+])C(NC(C)C(N1C(C=O)CCC1)=O)=O,70,88.3490,125.7062,66.7469,123.5772
baseline,2,CC([N+])C(NC(C)C(N1C(C=O)CCC1)=O)=O,71,77.4996,94.4775,56.2069,76.8958
baseline,2,CC([N+])C(NC(C)C(N1C(C=O)CCC1)=O)=O,72,73.9236,112.4837,42.7753,150.0583
baseline,2,CC([N+])C(NC(C)C(N1C(C=O)CCC1)=O)=O,73,91.9129,84.2012,104.9139,295.7138
baseline,2,CC([N+])C(NC(C)C(N1C(C=O)CCC1)=O)=O,74,77.0901,92.9965,56.2688,75.3506
baseline,2,CC([N+])C(NC(C)C(N1C(C=O)CCC1)=O)=O,75,85.5362,100.6863,63.1828,97.1718
baseline,2,CC([N+])C(NC(C)C(N1C(C=O)CCC1)=O)=O,76,69.8579,85.9327,42.2199,85.7372
baseline,2,CC([N+])C(NC(C)C(N1C(C=O)CCC1)=O)=O,77,68.2839,98.3456,40.2757,66.9795
baseline,2,CC([N+])C(NC(C)C(N1C(C=O)CCC1)=O)=O,78,74.5043,96.8543,49.0864,65.2299
baseline,2,CC([N+])C(NC(C)C(N1C(C=O)CCC1)=O)=O,79,162.0468,284.1190,205.6177,453.9352
baseline,2,CC([N+])C(NC(C)C(N1C(C=O)CCC1)=O)=O,80,89.4645,78.4065,81.9647,159.9724
baseline,2,CC([N+])C(NC(C)C(N1C(C=O)CCC1)=O)=O,81,87.5504,130.7658,62.3669,111.8055
baseline,2,CC([N+])C(NC(C)C(N1C(C=O)CCC1)=O)=O,82,78.5930,83.3570,51.6716,64.7231
baseline,2,CC([N+])C(NC(C)C(N1C(C=O)CCC1)=O)=O,83,61.3444,79.1234,39.3619,54.0433
baseline,2,CC([N+])C(NC(C)C(N1C(C=O)CCC1)=O)=O,84,75.6186,82.8285,58.2961,122.3931
baseline,2,CC([N+])C(NC(C)C(N1C(C=O)CCC1)=O)=O,85,101.7451,174.3370,103.5695,168.0505
baseline,2,CC([N+])C(NC(C)C(N1C(C=O)CCC1)=O)=O,86,89.7124,121.7742,73.1569,91.1717
baseline,2,CC([N+])C(NC(C)C(N1C(C=O)CCC1)=O)=O,87,73.6105,117.3409,53.4835,105.0418
baseline,2,CC([N+])C(NC(C)C(N1C(C=O)CCC1)=O)=O,88,96.4857,108.8464,107.0701,233.9123
baseline,2,CC([N+])C(NC(C)C(N1C(C=O)CCC1)=O)=O,89,78.1883,69.9836,61.9065,112.4204
baseline,2,CC([N+])C(NC(C)C(N1C(C=O)CCC1)=O)=O,90,72.3291,76.5554,54.9655,106.6788
baseline,2,CC([N+])C(NC(C)C(N1C(C=O)CCC1)=O)=O,91,78.4164,66.5516,54.8754,82.3509
baseline,2,CC([N+])C(NC(C)C(N1C(C=O)CCC1)=O)=O,92,94.2936,140.1074,95.2396,123.8187
baseline,2,CC([N+])C(NC(C)C(N1C(C=O)CCC1)=O)=O,93,87.6314,62.3592,85.3544,167.2392
baseline,2,CC([N+])C(NC(C)C(N1C(C=O)CCC1)=O)=O,94,73.8115,99.6129,53.8456,80.6654
baseline,2,CC([N+])C(NC(C)C(N1C(C=O)CCC1)=O)=O,95,63.4506,90.7618,30.9228,65.4478
baseline,2,CC([N+])C(NC(C)C(N1C(C=O)CCC1)=O)=O,96,71.0603,100.4853,55.4572,72.6791
baseline,2,CC([N+])C(NC(C)C(N1C(C=O)CCC1)=O)=O,97,89.7351,78.9016,72.5300,127.7657
baseline,2,CC([N+])C(NC(C)C(N1C(C=O)CCC1)=O)=O,98,66.2577,81.9017,42.8092,67.6153
baseline,2,CC([N+])C(NC(C)C(N1C(C=O)CCC1)=O)=O,99,76.2556,72.4521,67.2700,105.2341
baseline,3,CC(NC1C(O)C=C(C([O-])=O)OC1C(O)C(O)CO)=O,0,85.2793,170.7161,37.5658,47.4794
baseline,3,CC(NC1C(O)C=C(C([O-])=O)OC1C(O)C(O)CO)=O,1,81.3826,170.4191,35.0677,98.0011
baseline,3,CC(NC1C(O)C=C(C([O-])=O)OC1C(O)C(O)CO)=O,2,107.0360,188.9446,51.1621,83.9324
baseline,3,CC(NC1C(O)C=C(C([O-])=O)OC1C(O)C(O)CO)=O,3,100.7859,160.5721,64.0975,106.3103
baseline,3,CC(NC1C(O)C=C(C([O-])=O)OC1C(O)C(O)CO)=O,4,74.5721,143.9697,32.9220,50.3280
baseline,3,CC(NC1C(O)C=C(C([O-])=O)OC1C(O)C(O)CO)=O,5,93.7340,155.3993,63.6716,105.7864
baseline,3,CC(NC1C(O)C=C(C([O-])=O)OC1C(O)C(O)CO)=O,6,78.9793,177.4502,40.2101,66.7609
baseline,3,CC(NC1C(O)C=C(C([O-])=O)OC1C(O)C(O)CO)=O,7,82.5103,163.0985,37.2088,95.1442
baseline,3,CC(NC1C(O)C=C(C([O-])=O)OC1C(O)C(O)CO)=O,8,110.7932,159.9952,82.5531,204.4536
baseline,3,CC(NC1C(O)C=C(C([O-])=O)OC1C(O)C(O)CO)=O,9,93.5677,165.4898,60.5665,102.8745
baseline,3,CC(NC1C(O)C=C(C([O-])=O)OC1C(O)C(O)CO)=O,10,106.4736,170.8384,80.8956,132.6750
baseline,3,CC(NC1C(O)C=C(C([O-])=O)OC1C(O)C(O)CO)=O,11,90.9307,150.8909,48.5802,78.7137
baseline,3,CC(NC1C(O)C=C(C([O-])=O)OC1C(O)C(O)CO)=O,12,102.9856,169.2293,67.8733,77.4538
baseline,3,CC(NC1C(O)C=C(C([O-])=O)OC1C(O)C(O)CO)=O,13,77.6516,173.5709,35.7254,50.8310
baseline,3,CC(NC1C(O)C=C(C([O-])=O)OC1C(O)C(O)CO)=O,14,78.6276,162.5397,43.3143,45.0611
baseline,3,CC(NC1C(O)C=C(C([O-])=O)OC1C(O)C(O)CO)=O,15,96.3217,154.9523,48.0892,63.2933
baseline,3,CC(NC1C(O)C=C(C([O-])=O)OC1C(O)C(O)CO)=O,16,97.0600,181.0803,61.4170,131.4301
baseline,3,CC(NC1C(O)C=C(C([O-])=O)OC1C(O)C(O)CO)=O,17,97.3111,183.7216,61.2488,85.8245
baseline,3,CC(NC1C(O)C=C(C([O-])=O)OC1C(O)C(O)CO)=O,18,102.6908,178.4346,62.7668,117.1996
baseline,3,CC(NC1C(O)C=C(C([O-])=O)OC1C(O)C(O)CO)=O,19,101.9272,163.3825,70.2463,104.7596
baseline,3,CC(NC1C(O)C=C(C([O-])=O)OC1C(O)C(O)CO)=O,20,107.5644,182.7958,87.3116,202.1787
baseline,3,CC(NC1C(O)C=C(C([O-])=O)OC1C(O)C(O)CO)=O,21,94.2669,154.3381,71.5123,84.6299
baseline,3,CC(NC1C(O)C=C(C([O-])=O)OC1C(O)C(O)CO)=O,22,89.5886,153.1491,44.1918,77.0837
baseline,3,CC(NC1C(O)C=C(C([O-])=O)OC1C(O)C(O)CO)=O,23,86.8278,177.7288,39.5307,76.0990
baseline,3,CC(NC1C(O)C=C(C([O-])=O)OC1C(O)C(O)CO)=O,24,83.3612,174.8011,46.0941,79.6254
baseline,3,CC(NC1C(O)C=C(C([O-])=O)OC1C(O)C(O)CO)=O,25,89.3677,179.3525,54.4714,74.9640
baseline,3,CC(NC1C(O)C=C(C([O-])=O)OC1C(O)C(O)CO)=O,26,78.6283,157.4243,49.5758,118.2550
baseline,3,CC(NC1C(O)C=C(C([O-])=O)OC1C(O)C(O)CO)=O,27,106.0590,186.9308,47.1946,79.2419
baseline,3,CC(NC1C(O)C=C(C([O-])=O)OC1C(O)C(O)CO)=O,28,95.6455,181.5641,48.7158,86.0876
baseline,3,CC(NC1C(O)C=C(C([O-])=O)OC1C(O)C(O)CO)=O,29,100.4405,176.3806,56.9572,59.2495
baseline,3,CC(NC1C(O)C=C(C([O-])=O)OC1C(O)C(O)CO)=O,30,92.4555,175.9066,52.9163,68.9938
baseline,3,CC(NC1C(O)C=C(C([O-])=O)OC1C(O)C(O)CO)=O,31,89.8431,169.3061,41.4253,81.8315
baseline,3,CC(NC1C(O)C=C(C([O-])=O)OC1C(O)C(O)CO)=O,32,96.3846,180.2378,69.3219,252.2446
baseline,3,CC(NC1C(O)C=C(C([O-])=O)OC1C(O)C(O)CO)=O,33,82.0790,148.6866,55.2773,91.4322
baseline,3,CC(NC1C(O)C=C(C([O-])=O)OC1C(O)C(O)CO)=O,34,88.1548,186.8983,71.3494,117.2144
baseline,3,CC(NC1C(O)C=C(C([O-])=O)OC1C(O)C(O)CO)=O,35,95.1011,126.0728,71.5450,181.9147
baseline,3,CC(NC1C(O)C=C(C([O-])=O)OC1C(O)C(O)CO)=O,36,88.5186,176.9727,41.0139,69.5693
baseline,3,CC(NC1C(O)C=C(C([O-])=O)OC1C(O)C(O)CO)=O,37,103.5608,158.5249,55.6041,73.9159
baseline,3,CC(NC1C(O)C=C(C([O-])=O)OC1C(O)C(O)CO)=O,38,95.8216,177.8139,73.1115,93.3069
baseline,3,CC(NC1C(O)C=C(C([O-])=O)OC1C(O)C(O)CO)=O,39,73.4097,165.1923,36.7907,69.2812
baseline,3,CC(NC1C(O)C=C(C([O-])=O)OC1C(O)C(O)CO)=O,40,79.2830,151.2457,38.6484,88.6610
baseline,3,CC(NC1C(O)C=C(C([O-])=O)OC1C(O)C(O)CO)=O,41,91.2098,188.5689,52.5995,85.2376
baseline,3,CC(NC1C(O)C=C(C([O-])=O)OC1C(O)C(O)CO)=O,42,95.7913,155.3302,56.4832,58.2660
baseline,3,CC(NC1C(O)C=C(C([O-])=O)OC1C(O)C(O)CO)=O,43,93.1837,158.3179,54.2498,81.7183
baseline,3,CC(NC1C(O)C=C(C([O-])=O)OC1C(O)C(O)CO)=O,44,83.8406,168.4115,44.2203,63.0598
baseline,3,CC(NC1C(O)C=C(C([O-])=O)OC1C(O)C(O)CO)=O,45,93.6964,156.7042,46.2001,85.4029
baseline,3,CC(NC1C(O)C=C(C([O-])=O)OC1C(O)C(O)CO)=O,46,105.5526,154.4976,70.5141,95.6600
baseline,3,CC(NC1C(O)C=C(C([O-])=O)OC1C(O)C(O)CO)=O,47,91.8631,175.3875,46.3476,63.7367
baseline,3,CC(NC1C(O)C=C(C([O-])=O)OC1C(O)C(O)CO)=O,48,87.2278,188.6671,47.7000,92.8050
baseline,3,CC(NC1C(O)C=C(C([O-])=O)OC1C(O)C(O)CO)=O,49,90.8151,168.9853,65.1280,92.7966
baseline,3,CC(NC1C(O)C=C(C([O-])=O)OC1C(O)C(O)CO)=O,50,89.5399,186.9774,63.9134,68.3183
baseline,3,CC(NC1C(O)C=C(C([O-])=O)OC1C(O)C(O)CO)=O,51,79.3969,145.0588,38.6909,55.6808
baseline,3,CC(NC1C(O)C=C(C([O-])=O)OC1C(O)C(O)CO)=O,52,91.9413,169.7514,39.5959,86.3912
baseline,3,CC(NC1C(O)C=C(C([O-])=O)OC1C(O)C(O)CO)=O,53,84.5226,141.6304,62.1513,111.5443
baseline,3,CC(NC1C(O)C=C(C([O-])=O)OC1C(O)C(O)CO)=O,54,90.5761,166.6641,50.8853,70.0545
baseline,3,CC(NC1C(O)C=C(C([O-])=O)OC1C(O)C(O)CO)=O,55,86.3889,176.8722,38.1067,52.9928
baseline,3,CC(NC1C(O)C=C(C([O-])=O)OC1C(O)C(O)CO)=O,56,89.4678,181.1940,49.3039,63.0348
baseline,3,CC(NC1C(O)C=C(C([O-])=O)OC1C(O)C(O)CO)=O,57,88.7639,158.4103,50.3586,77.2559
baseline,3,CC(NC1C(O)C=C(C([O-])=O)OC1C(O)C(O)CO)=O,58,75.6033,148.3576,52.8036,73.1646
baseline,3,CC(NC1C(O)C=C(C([O-])=O)OC1C(O)C(O)CO)=O,59,104.2972,164.8177,57.3537,74.9343
baseline,3,CC(NC1C(O)C=C(C([O-])=O)OC1C(O)C(O)CO)=O,60,94.1240,172.0608,57.1638,99.3084
baseline,3,CC(NC1C(O)C=C(C([O-])=O)OC1C(O)C(O)CO)=O,61,87.8505,149.4795,60.6542,74.3225
baseline,3,CC(NC1C(O)C=C(C([O-])=O)OC1C(O)C(O)CO)=O,62,85.6946,150.9618,63.4303,128.2819
baseline,3,CC(NC1C(O)C=C(C([O-])=O)OC1C(O)C(O)CO)=O,63,99.3861,147.7843,83.5263,181.2432
baseline,3,CC(NC1C(O)C=C(C([O-])=O)OC1C(O)C(O)CO)=O,64,86.6483,146.7263,42.9488,58.8130
baseline,3,CC(NC1C(O)C=C(C([O-])=O)OC1C(O)C(O)CO)=O,65,85.4715,157.3809,50.2756,79.2936
baseline,3,CC(NC1C(O)C=C(C([O-])=O)OC1C(O)C(O)CO)=O,66,114.9760,185.9676,78.6528,162.9023
baseline,3,CC(NC1C(O)C=C(C([O-])=O)OC1C(O)C(O)CO)=O,67,100.5211,159.7481,58.6229,88.6126
baseline,3,CC(NC1C(O)C=C(C([O-])=O)OC1C(O)C(O)CO)=O,68,93.0445,154.4926,49.5141,59.1124
baseline,3,CC(NC1C(O)C=C(C([O-])=O)OC1C(O)C(O)CO)=O,69,70.0683,151.6469,34.5827,58.5028
baseline,3,CC(NC1C(O)C=C(C([O-])=O)OC1C(O)C(O)CO)=O,70,89.8250,149.7515,55.1745,113.3037
baseline,3,CC(NC1C(O)C=C(C([O-])=O)OC1C(O)C(O)CO)=O,71,92.5867,174.7363,64.6287,160.8076
baseline,3,CC(NC1C(O)C=C(C([O-])=O)OC1C(O)C(O)CO)=O,72,86.4754,172.5657,57.3782,82.7456
baseline,3,CC(NC1C(O)C=C(C([O-])=O)OC1C(O)C(O)CO)=O,73,86.9444,158.9634,43.2887,58.8456
baseline,3,CC(NC1C(O)C=C(C([O-])=O)OC1C(O)C(O)CO)=O,74,79.9309,167.2855,43.9149,80.8955
baseline,3,CC(NC1C(O)C=C(C([O-])=O)OC1C(O)C(O)CO)=O,75,97.0376,182.4675,59.7157,97.2461
baseline,3,CC(NC1C(O)C=C(C([O-])=O)OC1C(O)C(O)CO)=O,76,80.7895,154.9118,40.9573,62.2562
baseline,3,CC(NC1C(O)C=C(C([O-])=O)OC1C(O)C(O)CO)=O,77,92.1994,162.2117,50.5791,71.8788
baseline,3,CC(NC1C(O)C=C(C([O-])=O)OC1C(O)C(O)CO)=O,78,88.1859,150.8412,48.5250,70.6035
baseline,3,CC(NC1C(O)C=C(C([O-])=O)OC1C(O)C(O)CO)=O,79,84.3592,158.2395,37.2136,74.5937
baseline,3,CC(NC1C(O)C=C(C([O-])=O)OC1C(O)C(O)CO)=O,80,92.6350,177.8322,49.6635,61.3272
baseline,3,CC(NC1C(O)C=C(C([O-])=O)OC1C(O)C(O)CO)=O,81,87.7623,154.7430,52.8419,81.1416
baseline,3,CC(NC1C(O)C=C(C([O-])=O)OC1C(O)C(O)CO)=O,82,89.9921,188.8867,57.5425,111.0597
baseline,3,CC(NC1C(O)C=C(C([O-])=O)OC1C(O)C(O)CO)=O,83,74.5357,145.5525,31.5015,77.6347
baseline,3,CC(NC1C(O)C=C(C([O-])=O)OC1C(O)C(O)CO)=O,84,97.6443,178.6555,48.8206,85.6471
baseline,3,CC(NC1C(O)C=C(C([O-])=O)OC1C(O)C(O)CO)=O,85,92.2370,163.0876,53.6404,87.5374
baseline,3,CC(NC1C(O)C=C(C([O-])=O)OC1C(O)C(O)CO)=O,86,113.3208,167.4089,72.9112,123.8261
baseline,3,CC(NC1C(O)C=C(C([O-])=O)OC1C(O)C(O)CO)=O,87,80.4252,168.7008,38.2062,69.0961
baseline,3,CC(NC1C(O)C=C(C([O-])=O)OC1C(O)C(O)CO)=O,88,89.7068,158.4420,57.6677,104.1661
baseline,3,CC(NC1C(O)C=C(C([O-])=O)OC1C(O)C(O)CO)=O,89,97.5084,161.7291,61.7091,65.6681
baseline,3,CC(NC1C(O)C=C(C([O-])=O)OC1C(O)C(O)CO)=O,90,85.7190,157.3038,59.1754,118.5799
baseline,3,CC(NC1C(O)C=C(C([O-])=O)OC1C(O)C(O)CO)=O,91,91.3878,174.1014,41.4062,61.0475
baseline,3,CC(NC1C(O)C=C(C([O-])=O)OC1C(O)C(O)CO)=O,92,78.2207,167.0395,37.7063,61.0892
baseline,3,CC(NC1C(O)C=C(C([O-])=O)OC1C(O)C(O)CO)=O,93,80.9579,160.2997,55.4122,124.6310
baseline,3,CC(NC1C(O)C=C(C([O-])=O)OC1C(O)C(O)CO)=O,94,79.7676,142.8369,51.9039,85.0833
baseline,3,CC(NC1C(O)C=C(C([O-])=O)OC1C(O)C(O)CO)=O,95,77.7583,151.4755,36.3858,71.1012
baseline,3,CC(NC1C(O)C=C(C([O-])=O)OC1C(O)C(O)CO)=O,96,76.3738,193.9935,31.8151,64.6130
baseline,3,CC(NC1C(O)C=C(C([O-])=O)OC1C(O)C(O)CO)=O,97,76.4626,158.8421,33.6474,57.7870
baseline,3,CC(NC1C(O)C=C(C([O-])=O)OC1C(O)C(O)CO)=O,98,93.7003,185.6107,54.2479,101.7054
baseline,3,CC(NC1C(O)C=C(C([O-])=O)OC1C(O)C(O)CO)=O,99,100.2373,179.2704,87.5915,195.4400
baseline,4,CCCC=C(NC(C1CC1(C)C)=O)C([O-])=O,0,73.9511,151.1749,289.4904,49.9296
baseline,4,CCCC=C(NC(C1CC1(C)C)=O)C([O-])=O,1,96.6338,152.8325,328.7870,176.5923
baseline,4,CCCC=C(NC(C1CC1(C)C)=O)C([O-])=O,2,75.8954,172.7571,292.1439,68.9059
baseline,4,CCCC=C(NC(C1CC1(C)C)=O)C([O-])=O,3,77.8696,159.6428,293.7238,36.8972
baseline,4,CCCC=C(NC(C1CC1(C)C)=O)C([O-])=O,4,71.3394,120.3065,313.0953,136.3381
baseline,4,CCCC=C(NC(C1CC1(C)C)=O)C([O-])=O,5,72.9475,150.5539,301.0309,76.2296
baseline,4,CCCC=C(NC(C1CC1(C)C)=O)C([O-])=O,6,76.2533,173.0113,293.2521,47.2616
baseline,4,CCCC=C(NC(C1CC1(C)C)=O)C([O-])=O,7,74.6786,168.0384,298.3232,65.3028
baseline,4,CCCC=C(NC(C1CC1(C)C)=O)C([O-])=O,8,76.0572,187.0578,293.9629,68.1152
baseline,4,CCCC=C(NC(C1CC1(C)C)=O)C([O-])=O,9,95.4960,204.3381,322.5908,129.1818
baseline,4,CCCC=C(NC(C1CC1(C)C)=O)C([O-])=O,10,78.8013,156.5318,311.7408,80.4194
baseline,4,CCCC=C(NC(C1CC1(C)C)=O)C([O-])=O,11,88.6646,173.3211,323.1289,95.1411
baseline,4,CCCC=C(NC(C1CC1(C)C)=O)C([O-])=O,12,91.5261,180.5180,322.2474,192.9228
baseline,4,CCCC=C(NC(C1CC1(C)C)=O)C([O-])=O,13,82.3995,164.8124,305.6758,72.3344
baseline,4,CCCC=C(NC(C1CC1(C)C)=O)C([O-])=O,14,74.4505,172.6497,304.2580,64.8416
baseline,4,CCCC=C(NC(C1CC1(C)C)=O)C([O-])=O,15,78.6337,160.4073,307.8157,61.5387
baseline,4,CCCC=C(NC(C1CC1(C)C)=O)C([O-])=O,16,78.9182,171.8942,301.6429,63.8907
baseline,4,CCCC=C(NC(C1CC1(C)C)=O)C([O-])=O,17,79.8371,163.9476,294.4288,78.6903
baseline,4,CCCC=C(NC(C1CC1(C)C)=O)C([O-])=O,18,80.8215,135.8900,308.9514,100.6529
baseline,4,CCCC=C(NC(C1CC1(C)C)=O)C([O-])=O,19,74.4298,163.8247,290.0200,55.8881
baseline,4,CCCC=C(NC(C1CC1(C)C)=O)C([O-])=O,20,117.1291,52548.7057,363.6037,153321.7986
baseline,4,CCCC=C(NC(C1CC1(C)C)=O)C([O-])=O,21,67.5965,122.7567,308.0118,100.6632
baseline,4,CCCC=C(NC(C1CC1(C)C)=O)C([O-])=O,22,71.7898,170.5100,299.1443,81.0602
baseline,4,CCCC=C(NC(C1CC1(C)C)=O)C([O-])=O,23,77.3662,151.6255,293.8524,66.1186
baseline,4,CCCC=C(NC(C1CC1(C)C)=O)C([O-])=O,24,77.0360,181.6695,300.3558,76.6129
baseline,4,CCCC=C(NC(C1CC1(C)C)=O)C([O-])=O,25,71.7985,169.4586,296.7300,70.2911
baseline,4,CCCC=C(NC(C1CC1(C)C)=O)C([O-])=O,26,74.7161,176.1462,285.7427,41.1447
baseline,4,CCCC=C(NC(C1CC1(C)C)=O)C([O-])=O,27,77.3858,159.6883,293.3846,89.9694
baseline,4,CCCC=C(NC(C1CC1(C)C)=O)C([O-])=O,28,77.0806,181.3934,289.8761,54.5711
baseline,4,CCCC=C(NC(C1CC1(C)C)=O)C([O-])=O,29,75.0107,178.2910,303.7406,74.5992
baseline,4,CCCC=C(NC(C1CC1(C)C)=O)C([O-])=O,30,74.9921,168.2841,309.0220,99.8943
baseline,4,CCCC=C(NC(C1CC1(C)C)=O)C([O-])=O,31,72.7038,150.3990,298.4728,90.5381
baseline,4,CCCC=C(NC(C1CC1(C)C)=O)C([O-])=O,32,86.1303,158.0644,306.0024,67.1191
baseline,4,CCCC=C(NC(C1CC1(C)C)=O)C([O-])=O,33,79.2284,155.2236,298.6679,84.6416
baseline,4,CCCC=C(NC(C1CC1(C)C)=O)C([O-])=O,34,78.1227,166.5393,298.5915,57.4842
baseline,4,CCCC=C(NC(C1CC1(C)C)=O)C([O-])=O,35,79.1248,165.0732,290.2547,59.5227
baseline,4,CCCC=C(NC(C1CC1(C)C)=O)C([O-])=O,36,74.5251,152.0834,310.8791,84.0977
baseline,4,CCCC=C(NC(C1CC1(C)C)=O)C([O-])=O,37,85.7136,203.5141,296.8623,91.5464
baseline,4,CCCC=C(NC(C1CC1(C)C)=O)C([O-])=O,38,73.3919,145.8169,305.0010,73.5895
baseline,4,CCCC=C(NC(C1CC1(C)C)=O)C([O-])=O,39,76.4743,156.9369,296.9483,84.3461
baseline,4,CCCC=C(NC(C1CC1(C)C)=O)C([O-])=O,40,71.3805,159.9795,296.0707,53.4646
baseline,4,CCCC=C(NC(C1CC1(C)C)=O)C([O-])=O,41,83.7975,168.3680,301.6886,73.7541
baseline,4,CCCC=C(NC(C1CC1(C)C)=O)C([O-])=O,42,95.6815,208.0961,327.2419,98.1753
baseline,4,CCCC=C(NC(C1CC1(C)C)=O)C([O-])=O,43,77.5291,151.3452,301.3975,91.2476
baseline,4,CCCC=C(NC(C1CC1(C)C)=O)C([O-])=O,44,79.0661,168.0180,304.8857,63.1484
baseline,4,CCCC=C(NC(C1CC1(C)C)=O)C([O-])=O,45,69.5734,151.0055,296.7597,90.6298
baseline,4,CCCC=C(NC(C1CC1(C)C)=O)C([O-])=O,46,85.1422,180.1613,298.0992,52.3602
baseline,4,CCCC=C(NC(C1CC1(C)C)=O)C([O-])=O,47,81.0197,182.6818,299.6930,56.0872
baseline,4,CCCC=C(NC(C1CC1(C)C)=O)C([O-])=O,48,72.3838,169.6665,310.0650,132.9777
baseline,4,CCCC=C(NC(C1CC1(C)C)=O)C([O-])=O,49,81.9918,173.5285,311.9344,80.1448
baseline,4,CCCC=C(NC(C1CC1(C)C)=O)C([O-])=O,50,77.3709,192.3421,304.7572,75.9060
baseline,4,CCCC=C(NC(C1CC1(C)C)=O)C([O-])=O,51,96.3985,180.4363,335.9445,130.4070
baseline,4,CCCC=C(NC(C1CC1(C)C)=O)C([O-])=O,52,81.4639,180.3255,300.3741,132.6780
baseline,4,CCCC=C(NC(C1CC1(C)C)=O)C([O-])=O,53,77.5788,170.5698,304.3222,90.4097
baseline,4,CCCC=C(NC(C1CC1(C)C)=O)C([O-])=O,54,83.8211,175.6691,298.8494,93.9756
baseline,4,CCCC=C(NC(C1CC1(C)C)=O)C([O-])=O,55,83.8624,160.0130,296.3205,51.9147
baseline,4,CCCC=C(NC(C1CC1(C)C)=O)C([O-])=O,56,82.0967,177.3998,291.3133,66.9546
baseline,4,CCCC=C(NC(C1CC1(C)C)=O)C([O-])=O,57,81.2422,174.4959,303.8771,63.3474
baseline,4,CCCC=C(NC(C1CC1(C)C)=O)C([O-])=O,58,71.6996,179.4031,294.6919,61.1374
baseline,4,CCCC=C(NC(C1CC1(C)C)=O)C([O-])=O,59,70.7312,163.9397,295.8460,62.6027
baseline,4,CCCC=C(NC(C1CC1(C)C)=O)C([O-])=O,60,101.9291,197.2502,338.8926,125.6018
baseline,4,CCCC=C(NC(C1CC1(C)C)=O)C([O-])=O,61,76.5720,157.2442,301.1858,69.0995
baseline,4,CCCC=C(NC(C1CC1(C)C)=O)C([O-])=O,62,83.4707,169.4332,298.1880,50.2787
baseline,4,CCCC=C(NC(C1CC1(C)C)=O)C([O-])=O,63,106.7603,211.3835,345.9435,140.4852
baseline,4,CCCC=C(NC(C1CC1(C)C)=O)C([O-])=O,64,74.5400,173.7228,299.1732,46.0038
baseline,4,CCCC=C(NC(C1CC1(C)C)=O)C([O-])=O,65,75.4121,169.7129,301.6906,66.4534
baseline,4,CCCC=C(NC(C1CC1(C)C)=O)C([O-])=O,66,83.3917,188.3104,307.6536,77.2441
baseline,4,CCCC=C(NC(C1CC1(C)C)=O)C([O-])=O,67,77.1459,150.1791,295.7654,71.8897
baseline,4,CCCC=C(NC(C1CC1(C)C)=O)C([O-])=O,68,74.6938,150.2835,304.2556,101.6746
baseline,4,CCCC=C(NC(C1CC1(C)C)=O)C([O-])=O,69,74.6369,179.9339,293.0501,64.7574
baseline,4,CCCC=C(NC(C1CC1(C)C)=O)C([O-])=O,70,81.7736,181.8827,297.2735,66.4402
baseline,4,CCCC=C(NC(C1CC1(C)C)=O)C([O-])=O,71,93.7086,201.8514,328.0155,137.5981
baseline,4,CCCC=C(NC(C1CC1(C)C)=O)C([O-])=O,72,87.3032,182.2110,303.0478,68.3381
baseline,4,CCCC=C(NC(C1CC1(C)C)=O)C([O-])=O,73,103.5534,213.3238,327.7690,138.9374
baseline,4,CCCC=C(NC(C1CC1(C)C)=O)C([O-])=O,74,74.3556,161.8644,306.4326,104.9636
baseline,4,CCCC=C(NC(C1CC1(C)C)=O)C([O-])=O,75,78.4860,161.6085,320.2409,116.6033
baseline,4,CCCC=C(NC(C1CC1(C)C)=O)C([O-])=O,76,81.2225,169.6420,306.4603,98.7377
baseline,4,CCCC=C(NC(C1CC1(C)C)=O)C([O-])=O,77,82.8278,143.0154,315.2402,129.8901
baseline,4,CCCC=C(NC(C1CC1(C)C)=O)C([O-])=O,78,96.3918,199.7400,319.3259,105.6891
baseline,4,CCCC=C(NC(C1CC1(C)C)=O)C([O-])=O,79,83.7738,182.7087,300.1558,70.3800
baseline,4,CCCC=C(NC(C1CC1(C)C)=O)C([O-])=O,80,79.1637,152.3403,313.0678,117.1222
baseline,4,CCCC=C(NC(C1CC1(C)C)=O)C([O-])=O,81,71.9075,149.0958,297.1554,54.3129
baseline,4,CCCC=C(NC(C1CC1(C)C)=O)C([O-])=O,82,77.8906,155.9990,306.3299,88.0936
baseline,4,CCCC=C(NC(C1CC1(C)C)=O)C([O-])=O,83,79.6701,149.0566,309.6725,118.5789
baseline,4,CCCC=C(NC(C1CC1(C)C)=O)C([O-])=O,84,103.5850,195.9730,340.7504,159.4780
baseline,4,CCCC=C(NC(C1CC1(C)C)=O)C([O-])=O,85,78.2134,157.7510,295.5579,74.0663
baseline,4,CCCC=C(NC(C1CC1(C)C)=O)C([O-])=O,86,69.4930,158.1441,293.1044,48.8255
baseline,4,CCCC=C(NC(C1CC1(C)C)=O)C([O-])=O,87,82.7370,140.8945,321.5020,89.0854
baseline,4,CCCC=C(NC(C1CC1(C)C)=O)C([O-])=O,88,74.4519,165.3025,302.3964,89.3610
baseline,4,CCCC=C(NC(C1CC1(C)C)=O)C([O-])=O,89,78.3193,149.7457,295.5052,46.4296
baseline,4,CCCC=C(NC(C1CC1(C)C)=O)C([O-])=O,90,74.6422,181.0055,302.8506,69.6470
baseline,4,CCCC=C(NC(C1CC1(C)C)=O)C([O-])=O,91,71.7453,163.0319,298.5610,68.8559
baseline,4,CCCC=C(NC(C1CC1(C)C)=O)C([O-])=O,92,78.1362,178.2083,301.5482,67.0082
baseline,4,CCCC=C(NC(C1CC1(C)C)=O)C([O-])=O,93,77.5118,157.8770,303.3470,56.8642
baseline,4,CCCC=C(NC(C1CC1(C)C)=O)C([O-])=O,94,79.5680,155.5885,294.8421,78.0132
baseline,4,CCCC=C(NC(C1CC1(C)C)=O)C([O-])=O,95,101.1509,198.6505,341.3090,150.5111
baseline,4,CCCC=C(NC(C1CC1(C)C)=O)C([O-])=O,96,77.4026,186.9567,302.9407,71.1053
baseline,4,CCCC=C(NC(C1CC1(C)C)=O)C([O-])=O,97,104.7396,211.9092,333.4687,145.9154
baseline,4,CCCC=C(NC(C1CC1(C)C)=O)C([O-])=O,98,80.5340,188.8594,301.7436,97.1789
baseline,4,CCCC=C(NC(C1CC1(C)C)=O)C([O-])=O,99,76.7418,166.1604,293.2686,74.0676
baseline,5,OCC(O)C(O)C(Cn1c2c(cc(C)c(C)c2)nc-2c(=O)[nH]c(=O)nc12)O,0,88.9769,162.4402,95.0057,194.8562
baseline,5,OCC(O)C(O)C(Cn1c2c(cc(C)c(C)c2)nc-2c(=O)[nH]c(=O)nc12)O,1,82.7093,154.1025,85.9911,164.5341
baseline,5,OCC(O)C(O)C(Cn1c2c(cc(C)c(C)c2)nc-2c(=O)[nH]c(=O)nc12)O,2,95.5557,160.7667,111.6780,229.1758
baseline,5,OCC(O)C(O)C(Cn1c2c(cc(C)c(C)c2)nc-2c(=O)[nH]c(=O)nc12)O,3,78.1560,177.1864,76.4668,152.3341
baseline,5,OCC(O)C(O)C(Cn1c2c(cc(C)c(C)c2)nc-2c(=O)[nH]c(=O)nc12)O,4,88.4712,177.1768,87.3086,178.4290
baseline,5,OCC(O)C(O)C(Cn1c2c(cc(C)c(C)c2)nc-2c(=O)[nH]c(=O)nc12)O,5,84.4847,134.3283,90.8884,206.3477
baseline,5,OCC(O)C(O)C(Cn1c2c(cc(C)c(C)c2)nc-2c(=O)[nH]c(=O)nc12)O,6,91.3808,135.4546,87.3554,170.8327
baseline,5,OCC(O)C(O)C(Cn1c2c(cc(C)c(C)c2)nc-2c(=O)[nH]c(=O)nc12)O,7,99.1285,158.2879,106.3839,141.4585
baseline,5,OCC(O)C(O)C(Cn1c2c(cc(C)c(C)c2)nc-2c(=O)[nH]c(=O)nc12)O,8,82.5267,162.4079,80.6627,182.1816
baseline,5,OCC(O)C(O)C(Cn1c2c(cc(C)c(C)c2)nc-2c(=O)[nH]c(=O)nc12)O,9,87.3466,157.4135,85.0303,169.2834
baseline,5,OCC(O)C(O)C(Cn1c2c(cc(C)c(C)c2)nc-2c(=O)[nH]c(=O)nc12)O,10,93.3915,143.3494,96.7774,174.6083
baseline,5,OCC(O)C(O)C(Cn1c2c(cc(C)c(C)c2)nc-2c(=O)[nH]c(=O)nc12)O,11,87.5700,162.4895,92.7144,162.7725
baseline,5,OCC(O)C(O)C(Cn1c2c(cc(C)c(C)c2)nc-2c(=O)[nH]c(=O)nc12)O,12,85.1809,152.8667,85.6693,149.6054
baseline,5,OCC(O)C(O)C(Cn1c2c(cc(C)c(C)c2)nc-2c(=O)[nH]c(=O)nc12)O,13,91.3667,170.2961,104.3065,233.8143
baseline,5,OCC(O)C(O)C(Cn1c2c(cc(C)c(C)c2)nc-2c(=O)[nH]c(=O)nc12)O,14,85.1942,160.2646,80.9508,177.2776
baseline,5,OCC(O)C(O)C(Cn1c2c(cc(C)c(C)c2)nc-2c(=O)[nH]c(=O)nc12)O,15,88.9921,144.8781,87.0308,218.5789
baseline,5,OCC(O)C(O)C(Cn1c2c(cc(C)c(C)c2)nc-2c(=O)[nH]c(=O)nc12)O,16,89.4727,156.3420,79.5571,172.3620
baseline,5,OCC(O)C(O)C(Cn1c2c(cc(C)c(C)c2)nc-2c(=O)[nH]c(=O)nc12)O,17,84.8167,150.3106,74.9284,155.7287
baseline,5,OCC(O)C(O)C(Cn1c2c(cc(C)c(C)c2)nc-2c(=O)[nH]c(=O)nc12)O,18,96.7368,146.4542,94.6585,196.2606
baseline,5,OCC(O)C(O)C(Cn1c2c(cc(C)c(C)c2)nc-2c(=O)[nH]c(=O)nc12)O,19,86.7874,155.3355,76.6221,168.7561
baseline,5,OCC(O)C(O)C(Cn1c2c(cc(C)c(C)c2)nc-2c(=O)[nH]c(=O)nc12)O,20,81.2299,167.7204,86.2291,167.7404
baseline,5,OCC(O)C(O)C(Cn1c2c(cc(C)c(C)c2)nc-2c(=O)[nH]c(=O)nc12)O,21,88.5302,194.7316,91.5120,191.7578
baseline,5,OCC(O)C(O)C(Cn1c2c(cc(C)c(C)c2)nc-2c(=O)[nH]c(=O)nc12)O,22,78.6811,147.8295,84.2781,161.1882
baseline,5,OCC(O)C(O)C(Cn1c2c(cc(C)c(C)c2)nc-2c(=O)[nH]c(=O)nc12)O,23,88.5337,162.2928,91.5279,178.5245
baseline,5,OCC(O)C(O)C(Cn1c2c(cc(C)c(C)c2)nc-2c(=O)[nH]c(=O)nc12)O,24,86.1833,144.1268,104.9813,134.2840
baseline,5,OCC(O)C(O)C(Cn1c2c(cc(C)c(C)c2)nc-2c(=O)[nH]c(=O)nc12)O,25,75.8136,148.8535,80.9914,157.2064
baseline,5,OCC(O)C(O)C(Cn1c2c(cc(C)c(C)c2)nc-2c(=O)[nH]c(=O)nc12)O,26,90.9848,125.6888,90.7802,169.9293
baseline,5,OCC(O)C(O)C(Cn1c2c(cc(C)c(C)c2)nc-2c(=O)[nH]c(=O)nc12)O,27,73.1687,171.3181,78.0078,159.5378
baseline,5,OCC(O)C(O)C(Cn1c2c(cc(C)c(C)c2)nc-2c(=O)[nH]c(=O)nc12)O,28,81.9166,145.1128,85.6485,150.5910
baseline,5,OCC(O)C(O)C(Cn1c2c(cc(C)c(C)c2)nc-2c(=O)[nH]c(=O)nc12)O,29,84.2063,142.1612,81.2491,154.7604
baseline,5,OCC(O)C(O)C(Cn1c2c(cc(C)c(C)c2)nc-2c(=O)[nH]c(=O)nc12)O,30,85.1751,158.0930,96.0932,178.9913
baseline,5,OCC(O)C(O)C(Cn1c2c(cc(C)c(C)c2)nc-2c(=O)[nH]c(=O)nc12)O,31,94.4636,142.3801,90.9865,167.2900
baseline,5,OCC(O)C(O)C(Cn1c2c(cc(C)c(C)c2)nc-2c(=O)[nH]c(=O)nc12)O,32,87.4496,114.5876,106.1554,166.1899
baseline,5,OCC(O)C(O)C(Cn1c2c(cc(C)c(C)c2)nc-2c(=O)[nH]c(=O)nc12)O,33,79.9970,176.6089,82.3039,160.7987
baseline,5,OCC(O)C(O)C(Cn1c2c(cc(C)c(C)c2)nc-2c(=O)[nH]c(=O)nc12)O,34,82.8863,162.3347,88.0285,218.6642
baseline,5,OCC(O)C(O)C(Cn1c2c(cc(C)c(C)c2)nc-2c(=O)[nH]c(=O)nc12)O,35,83.2679,150.7321,82.3828,143.1123
baseline,5,OCC(O)C(O)C(Cn1c2c(cc(C)c(C)c2)nc-2c(=O)[nH]c(=O)nc12)O,36,81.6900,137.6635,86.7110,161.9506
baseline,5,OCC(O)C(O)C(Cn1c2c(cc(C)c(C)c2)nc-2c(=O)[nH]c(=O)nc12)O,37,88.6954,147.1082,92.5106,219.6359
baseline,5,OCC(O)C(O)C(Cn1c2c(cc(C)c(C)c2)nc-2c(=O)[nH]c(=O)nc12)O,38,84.1446,156.5936,95.3457,209.7055
baseline,5,OCC(O)C(O)C(Cn1c2c(cc(C)c(C)c2)nc-2c(=O)[nH]c(=O)nc12)O,39,82.7115,169.5067,79.2472,180.9450
baseline,5,OCC(O)C(O)C(Cn1c2c(cc(C)c(C)c2)nc-2c(=O)[nH]c(=O)nc12)O,40,89.1589,155.7435,95.3537,160.5635
baseline,5,OCC(O)C(O)C(Cn1c2c(cc(C)c(C)c2)nc-2c(=O)[nH]c(=O)nc12)O,41,84.1539,157.3812,86.2251,203.8010
baseline,5,OCC(O)C(O)C(Cn1c2c(cc(C)c(C)c2)nc-2c(=O)[nH]c(=O)nc12)O,42,81.8066,136.3135,82.6272,155.6311
baseline,5,OCC(O)C(O)C(Cn1c2c(cc(C)c(C)c2)nc-2c(=O)[nH]c(=O)nc12)O,43,86.7757,177.5545,96.4699,162.5538
baseline,5,OCC(O)C(O)C(Cn1c2c(cc(C)c(C)c2)nc-2c(=O)[nH]c(=O)nc12)O,44,85.8675,170.0850,84.4335,149.1100
baseline,5,OCC(O)C(O)C(Cn1c2c(cc(C)c(C)c2)nc-2c(=O)[nH]c(=O)nc12)O,45,80.8186,154.6036,85.1741,199.6138
baseline,5,OCC(O)C(O)C(Cn1c2c(cc(C)c(C)c2)nc-2c(=O)[nH]c(=O)nc12)O,46,81.9688,132.5796,82.7633,150.1684
baseline,5,OCC(O)C(O)C(Cn1c2c(cc(C)c(C)c2)nc-2c(=O)[nH]c(=O)nc12)O,47,82.4197,134.3223,84.1771,155.5343
baseline,5,OCC(O)C(O)C(Cn1c2c(cc(C)c(C)c2)nc-2c(=O)[nH]c(=O)nc12)O,48,85.7059,147.3167,83.7160,185.6240
baseline,5,OCC(O)C(O)C(Cn1c2c(cc(C)c(C)c2)nc-2c(=O)[nH]c(=O)nc12)O,49,86.6086,167.3804,91.8323,175.7282
baseline,5,OCC(O)C(O)C(Cn1c2c(cc(C)c(C)c2)nc-2c(=O)[nH]c(=O)nc12)O,50,82.3162,144.2242,87.6875,182.0221
baseline,5,OCC(O)C(O)C(Cn1c2c(cc(C)c(C)c2)nc-2c(=O)[nH]c(=O)nc12)O,51,82.2168,172.1300,82.4029,142.7887
baseline,5,OCC(O)C(O)C(Cn1c2c(cc(C)c(C)c2)nc-2c(=O)[nH]c(=O)nc12)O,52,87.1670,153.9214,102.6965,150.0660
baseline,5,OCC(O)C(O)C(Cn1c2c(cc(C)c(C)c2)nc-2c(=O)[nH]c(=O)nc12)O,53,85.4978,154.7380,91.3794,222.0742
baseline,5,OCC(O)C(O)C(Cn1c2c(cc(C)c(C)c2)nc-2c(=O)[nH]c(=O)nc12)O,54,85.4063,144.9408,91.7199,196.3586
baseline,5,OCC(O)C(O)C(Cn1c2c(cc(C)c(C)c2)nc-2c(=O)[nH]c(=O)nc12)O,55,79.9052,152.2482,79.6497,206.5365
baseline,5,OCC(O)C(O)C(Cn1c2c(cc(C)c(C)c2)nc-2c(=O)[nH]c(=O)nc12)O,56,85.0845,169.6898,80.2046,159.8607
baseline,5,OCC(O)C(O)C(Cn1c2c(cc(C)c(C)c2)nc-2c(=O)[nH]c(=O)nc12)O,57,102.1649,156.0908,109.2560,181.9254
baseline,5,OCC(O)C(O)C(Cn1c2c(cc(C)c(C)c2)nc-2c(=O)[nH]c(=O)nc12)O,58,90.2264,163.0790,100.9756,200.0021
baseline,5,OCC(O)C(O)C(Cn1c2c(cc(C)c(C)c2)nc-2c(=O)[nH]c(=O)nc12)O,59,88.7993,119.5980,89.3892,150.6249
baseline,5,OCC(O)C(O)C(Cn1c2c(cc(C)c(C)c2)nc-2c(=O)[nH]c(=O)nc12)O,60,85.0764,154.3671,88.1987,166.8831
baseline,5,OCC(O)C(O)C(Cn1c2c(cc(C)c(C)c2)nc-2c(=O)[nH]c(=O)nc12)O,61,89.3340,169.3902,80.7565,165.1564
baseline,5,OCC(O)C(O)C(Cn1c2c(cc(C)c(C)c2)nc-2c(=O)[nH]c(=O)nc12)O,62,80.1830,165.9650,83.1164,178.9105
baseline,5,OCC(O)C(O)C(Cn1c2c(cc(C)c(C)c2)nc-2c(=O)[nH]c(=O)nc12)O,63,79.9173,151.5554,82.3183,155.5699
baseline,5,OCC(O)C(O)C(Cn1c2c(cc(C)c(C)c2)nc-2c(=O)[nH]c(=O)nc12)O,64,84.5884,161.0488,76.0622,188.5846
baseline,5,OCC(O)C(O)C(Cn1c2c(cc(C)c(C)c2)nc-2c(=O)[nH]c(=O)nc12)O,65,82.7552,157.8838,88.6145,185.9997
baseline,5,OCC(O)C(O)C(Cn1c2c(cc(C)c(C)c2)nc-2c(=O)[nH]c(=O)nc12)O,66,79.3352,149.9294,85.2063,136.9275
baseline,5,OCC(O)C(O)C(Cn1c2c(cc(C)c(C)c2)nc-2c(=O)[nH]c(=O)nc12)O,67,76.9029,145.5497,74.3952,146.4051
baseline,5,OCC(O)C(O)C(Cn1c2c(cc(C)c(C)c2)nc-2c(=O)[nH]c(=O)nc12)O,68,88.0621,129.1475,86.3544,147.6403
baseline,5,OCC(O)C(O)C(Cn1c2c(cc(C)c(C)c2)nc-2c(=O)[nH]c(=O)nc12)O,69,87.7164,180.4689,101.5747,154.3982
baseline,5,OCC(O)C(O)C(Cn1c2c(cc(C)c(C)c2)nc-2c(=O)[nH]c(=O)nc12)O,70,78.9456,136.4958,79.1531,184.9323
baseline,5,OCC(O)C(O)C(Cn1c2c(cc(C)c(C)c2)nc-2c(=O)[nH]c(=O)nc12)O,71,96.1183,137.0863,103.9095,165.6725
baseline,5,OCC(O)C(O)C(Cn1c2c(cc(C)c(C)c2)nc-2c(=O)[nH]c(=O)nc12)O,72,80.7177,159.3578,81.9074,191.8022
baseline,5,OCC(O)C(O)C(Cn1c2c(cc(C)c(C)c2)nc-2c(=O)[nH]c(=O)nc12)O,73,84.4994,155.4812,94.2776,148.8104
baseline,5,OCC(O)C(O)C(Cn1c2c(cc(C)c(C)c2)nc-2c(=O)[nH]c(=O)nc12)O,74,81.9642,128.3449,91.3363,148.8647
baseline,5,OCC(O)C(O)C(Cn1c2c(cc(C)c(C)c2)nc-2c(=O)[nH]c(=O)nc12)O,75,82.5886,143.2759,77.5496,183.9836
baseline,5,OCC(O)C(O)C(Cn1c2c(cc(C)c(C)c2)nc-2c(=O)[nH]c(=O)nc12)O,76,82.5107,143.7528,84.0354,162.6412
baseline,5,OCC(O)C(O)C(Cn1c2c(cc(C)c(C)c2)nc-2c(=O)[nH]c(=O)nc12)O,77,85.3505,149.0258,84.5778,150.8816
baseline,5,OCC(O)C(O)C(Cn1c2c(cc(C)c(C)c2)nc-2c(=O)[nH]c(=O)nc12)O,78,84.1366,164.6320,92.3799,139.9459
baseline,5,OCC(O)C(O)C(Cn1c2c(cc(C)c(C)c2)nc-2c(=O)[nH]c(=O)nc12)O,79,79.8543,146.1777,78.4916,154.0002
baseline,5,OCC(O)C(O)C(Cn1c2c(cc(C)c(C)c2)nc-2c(=O)[nH]c(=O)nc12)O,80,86.5698,144.0844,90.1954,185.4150
baseline,5,OCC(O)C(O)C(Cn1c2c(cc(C)c(C)c2)nc-2c(=O)[nH]c(=O)nc12)O,81,165.8435,188.4963,213.9081,587.3296
baseline,5,OCC(O)C(O)C(Cn1c2c(cc(C)c(C)c2)nc-2c(=O)[nH]c(=O)nc12)O,82,83.3977,150.8076,85.1353,199.5728
baseline,5,OCC(O)C(O)C(Cn1c2c(cc(C)c(C)c2)nc-2c(=O)[nH]c(=O)nc12)O,83,79.3278,156.3266,82.9632,141.3444
baseline,5,OCC(O)C(O)C(Cn1c2c(cc(C)c(C)c2)nc-2c(=O)[nH]c(=O)nc12)O,84,87.9954,150.3894,84.7141,216.0080
baseline,5,OCC(O)C(O)C(Cn1c2c(cc(C)c(C)c2)nc-2c(=O)[nH]c(=O)nc12)O,85,85.8074,147.5230,84.5558,163.3852
baseline,5,OCC(O)C(O)C(Cn1c2c(cc(C)c(C)c2)nc-2c(=O)[nH]c(=O)nc12)O,86,86.3240,159.6970,87.8643,198.8942
baseline,5,OCC(O)C(O)C(Cn1c2c(cc(C)c(C)c2)nc-2c(=O)[nH]c(=O)nc12)O,87,88.2944,143.1685,83.4908,172.0201
baseline,5,OCC(O)C(O)C(Cn1c2c(cc(C)c(C)c2)nc-2c(=O)[nH]c(=O)nc12)O,88,76.3964,144.1227,77.6622,172.2758
baseline,5,OCC(O)C(O)C(Cn1c2c(cc(C)c(C)c2)nc-2c(=O)[nH]c(=O)nc12)O,89,83.1564,136.1258,92.9292,178.1616
baseline,5,OCC(O)C(O)C(Cn1c2c(cc(C)c(C)c2)nc-2c(=O)[nH]c(=O)nc12)O,90,92.0246,142.3647,87.6132,152.1418
baseline,5,OCC(O)C(O)C(Cn1c2c(cc(C)c(C)c2)nc-2c(=O)[nH]c(=O)nc12)O,91,81.7005,169.7571,87.0019,172.8925
baseline,5,OCC(O)C(O)C(Cn1c2c(cc(C)c(C)c2)nc-2c(=O)[nH]c(=O)nc12)O,92,80.3724,150.6500,78.9048,152.0370
baseline,5,OCC(O)C(O)C(Cn1c2c(cc(C)c(C)c2)nc-2c(=O)[nH]c(=O)nc12)O,93,85.1455,134.9657,99.2222,171.2403
baseline,5,OCC(O)C(O)C(Cn1c2c(cc(C)c(C)c2)nc-2c(=O)[nH]c(=O)nc12)O,94,91.1603,137.7247,91.9100,180.5942
baseline,5,OCC(O)C(O)C(Cn1c2c(cc(C)c(C)c2)nc-2c(=O)[nH]c(=O)nc12)O,95,88.4146,175.2885,93.8664,151.4265
baseline,5,OCC(O)C(O)C(Cn1c2c(cc(C)c(C)c2)nc-2c(=O)[nH]c(=O)nc12)O,96,79.3161,160.6260,87.5870,185.3795
baseline,5,OCC(O)C(O)C(Cn1c2c(cc(C)c(C)c2)nc-2c(=O)[nH]c(=O)nc12)O,97,79.3053,149.6728,81.4812,155.6933
baseline,5,OCC(O)C(O)C(Cn1c2c(cc(C)c(C)c2)nc-2c(=O)[nH]c(=O)nc12)O,98,81.8556,170.5089,85.4351,163.7138
baseline,5,OCC(O)C(O)C(Cn1c2c(cc(C)c(C)c2)nc-2c(=O)[nH]c(=O)nc12)O,99,83.2982,149.9781,94.6919,148.1228
